"Product Information","Información Del Producto"
"Product Category","Categoría Del Producto"
"Description","Descripción"
"Short description","Corta Descripción"
"SKU","SKU"
"SKU Available","SKU Disponible"
"SKU Already Exist","SKU Ya existen"
"Price","Precio"
"Stock","Inventario"
"Weight","Peso"
"Image","Imagen"
"Add other image","Añadir otra imagen"
"Back","Volver"
"Save","Guardar"
"Cancel","Cancelar"
"Remove","Eliminiar"
"FOR BECOME SELLER CONTACT TO ADMIN","PARA SER VENDEDOR CONTACTAR AL ADMIN"
"Edit Product","Editar Producto"
"Status","Estado"
"Qty. Sold","Cantidad Vendido"
"Earn Amount","Cantidad Ganado"
"Action","Acción"
"Pending","Pendiente"
"Approved","Aprobado"
"Delete Magento Product","Eliminar Producto Del Magento"
"Sure Want To Delete Magento Product","Seguro Deseas a Eliminar Produto Del Magento"
"FOR BECOME SELLER CONTACT TO ADMIN..","A SERÁ VENDEDOR CONTACTAR AL ADMIN.."
"Order History","Historia Del Pedido"
"Unable to download File","Incapaz a Descargar Archivo"
"Download","Descargar"
"From","Desde"
"To","A"
"Select Date","Seleccionar un fecha"
"By","Por"
"Order","Pedido"
"Next","Proximo"
"Previous","Anterior"
"Ask Question to Admin","Pregunta al admin"
"Today","Hoy"
"Week","semana"
"Month","Mes"
"Latest Order","Reciente Pedido"
"Latest Comments & Reviews","Reciente comentarios y revisión"
"Value","Valor"
"Quality","Cantidad"
"FeedBack By","Feed-Back por"
"Subject","Tema"
"Ask","Pedir"
"Reset","Restablecer"
"Money","Dinero"
"Fill all the fields","Llenar todos campos"
"Mail Send","Enviado correo electronico"
"Edit Simple Magento Product","Editar Producto simple de Magento"
"SKU can\'t be left empty","SKU no puede en blancos"
"Edit Account Information","Editar información de Cuenta"
"Account Information","Información De cuenta"
"Partner Email Address","Correo electronico de compañero"
"Change Password","Cambiar constreña"
"Current Password","Activa constreña"
"New Password","Nueva Constreña"
"Confirm New Password","Confirmar Nueva Constreña"
"Required Fields","Campos Obligatorio"
"Save Account Information","Guardar Información de Cuenta"
"Profile","Perfil"
"Screen name","Nombre de pantilla"
"Short profile","Perfil Corta"
"Avatar","Avatar"
"Twitter ID","ID de Twitter"
"Facebook ID","ID de Facebook"
"Theme : Background Color","Tema:Color de Fondo"
"Company Banner","Bandera de Compaña"
"no image","no imagen"
"Company Logo","Logo de Compaña"
"Company Locality","Localidad de Compaña"
"Company Name","Nombre De compaña"
"Company Description","Descripción de Compaña"
"Country Logo","Logo de País"
"Description in HTML","Descripción en HTML"
"Company Profile View","Muestra de compaña  perfil"
"Click for profile view","Hacer clic a ver Perfil"
"Company Store View","Company Store View"
"Click for store view","Hacer clic a ver tienda del compaña"
"Company Collection View","Company Collection View"
"Click for collection view","Hacer clic a ver coleción "
"Save Profile","Guardar Perfil"
"Payment Mode","Modo De Pago"
"Payment Details","Detalles de Pedido"
"Save Payment","Guardar Pago"
"Contact Information","Información de contacto"
"Company","Compaña"
"Telephone","Teléfono"
"Fax","Fax"
"Address","Dirección"
"Street Address","Dirección de calle"
"Street Address %s","Dirección de calle %s"
"City","Ciudad"
"State/Province","Estado/provincia"
"Please select region, state or province","Por favor seleccione un región, estado o provincia"
"Zip/Postal Code","Código postal/Zip"
"Country","País"
"Default Billing Address","Dirección de facturación por defecto"
"Use as My Default Billing Address","Usar como mi  dirrecion de facturación por defecto"
"Use as My Default Shipping Address","Usar como mi dirrecion de envío  por defecto"
"Save Address","Guardar Dirección"
"My Accounting","Mi contabilidad"
"Visit Store","Viajar Tienda"
"View Store","Ver Tienda"
"Visit Complete Collection","Vijara colección completa"
"Visit Profile","Viajar perfil"
"View Profile","Ver perfil"
"Add to Cart","Añadir a carrito"
"Out of stock","No esta en inventario"
"Add to Wishlist","Añadir en lista de desea"
"Add to Compare","Añadir a comparar"
"Yes","Sí"
"No","No"
"Agree as Partner","Esta de acuerdo como un compañero"
"Disagree as Partner","No esta de acuerdo como un compañero"
"Feedback","Comentarios"
"View Larger Map","Ver Mapa Grande"
"Latest Product Added","Añadido reciente Producto"
"Partner profile page","Página de compañero perfil"
"Invalid profile","Invalida perfil"
"Store FootPrint","Footprint de Tienda"
"View Full Collection","Ver completa  colección"
"We\'re from","Nosotros estamos  desde"
"View Map","ver mapa"
"Search","Buscar"
"Connect with Us","Connectar con nosotros"
"Send us a message","Enviar un mensaje a nosotros"
"Find us on Facebook","Búscanos en Facebook"
"Follow us on Twitter","Seguinos en Twitter"
"Write Your Own Feedback","Escribe su propio comentario"
"How do you rate this Store","Cómo Calisificarás a este Tienda"
"star","Estrella"
"stars","Estrellas"
"Nickname","Apodo cariñoso"
"Summary of Your Review","Resumen de su revisión"
"Submit Review","Presentar revisión"
"fill the required fields","Llenar todos campos obligatorios"
"Store Visit","Vijara de Tienda"
"About US","Sobre nosotros"
"Invalid store","Tienda Inválido"
"Show","Mostrar"
"per page","Por Página"
"View as","Ver como"
"Sort By","Ordenar Por"
"Set Ascending Direction","Establecer Dirección ascendente"
"Set Descending Direction","Establecer dirección  descendente"
"Ask Que","Pedir Pregunta"
"Ask Question to me","Pregunta me"
"Email","Correo electronico"
"Edit Magento Product","Editar Producto de Magento"
"My Order History","Historia de mi Pedido"
"My Dashboard","Mi salpicadero"
"My Products List","Mi lista de Producto"
"Add New Simple Product","Añadir nueva simple producto"
"Product Name","Nombre Del Producto"
"Sure Want To Delete Magento Product","Seguro Deseas a Eliminar Produto Del Magento"
"FOR BECOME SELLER CONTACT TO ADMIN..","A SER VENDEDOR CONTACTAR AL ADMIN.."
"Order History","Historia Del Pedido"
"Unable to download File","Incapaz a Descargar Archivo"
"Download","Descargar"
"From","Desde"
"To","A"
"Select Date","Seleccionar una fecha"
"By","Por"
"Order","Pedido"
"Next","Proximo"
"Previous","Anterior"
"Dashboard","Salpicadero"
"Latest Order","Reciente Pedido"
"Latest Comments & Reviews","Reciente comentarios y revisión"
"Value","Valor"
"Quality","Cantidad"
"FeedBack By","Comentario Por"
"Subject","Tema"
"Ask","Pedir"
"Reset","Restablecer"
"Money","Dinero"
"Fill all the fields","Llenar todos campos"
"Mail Send","Enviado correo electronico"
"Edit Simple Magento Product","Editar Producto simple de Magento"
"SKU can\'t be left empty","SKU no puede en blanco"
"Edit Account Information","Editar información de Cuenta"
"Account Information","Información De cuenta"
"Partner Email Address","Correo electronico de compañero"
"Change Password","Cambiar constreña"
"Current Password","Activa constreña"
"New Password","Nueva Constreña"
"Confirm New Password","Confirmar Nueva Constreña"
"Required Fields","Campos Obligatorio"
"Save Account Information","Guardar Información de Cuenta"
"Profile","Perfil"
"Screen name","Nombre de Pantilla"
"Short profile","Perfil Corta"
"Avatar","Avatar"
"Twitter ID","ID de Twitter"
"Facebook ID","ID de Facebook" 
"Theme : Background Color","Tema : Color de Fondo"
"Company Banner","Bandera De Compaña"
"no image","no imagen"
"Company Logo","Logo de Compaña"
"Company Locality","Localidad de Compaña"
"Company Name","Nombre De Compaña"
"Company Description","Descripción de compaña"
"Country Logo","Logo de País"
"Description in HTML","Descripción en HTML"
"Company Profile View","Muestra de compaña  perfil"
"Click for profile view","Click for profile view"
"Company Store View","Company Store View"
"Click for store view","Click for store view"
"Company Collection View","Company Collection View"
"Click for collection view","Hacer clic a ver Perfil"
"Save Profile","Guardar perfil"
"Payment Mode","Modo De Pago"
"Payment Details","Detalles del Pedido"
"Save Payment","Guardar Pago"
"Contact Information","Información de contacto"
"Company","Compaña"
"Telephone","Teléfono"
"Fax","Fax"
"Address","Dirección"
"Street Address","Dirección de calle" 
"Street Address %s","Dirección de calle %s"
"City","Ciudad"
"State/Province","Estado/provincia"
"Please select region, state or province","Por favor seleccione un región, estado o provincia"
"Zip/Postal Code","Código postal/Zip"
"Country","País"
"Default Billing Address","Dirección de facturación por defecto"
"Use as My Default Billing Address","Usar como mi  dirrecion de facturación por defecto"
"Use as My Default Shipping Address","Usar como mi dirrecion de envío  por defecto"
"Save Address","Guardar Dirección"
"My Accounting", "Mi Contabilidad"
"View Collection","Ver  colección"
"Visit Store","Viajar Tienda"
"View Store","Ver Tienda"
"Visit Complete Collection","Vijara colección completa"
"Visit Profile","viajar perfil"
"Add to Cart","Añadir a carrito"
"Out of stock","No esta en inventario"
"Add to Wishlist","Añadir en lista de deseas"
"Add to Compare","Añadir a comparar"
"Want To Become Partner","Deseas a ser compañero"
"Yes","Sí"
"No","No"
"Agree as Partner","Esta de acuerdo como un compañero"
"Disagree as Partner","No esta de acuerdo como un compañero"
"Feedback","Feed-back"
"View Larger Map","View Larger Map"
"Latest Product Added","Latest Product Added"
"Partner profile page","Partner profile page"
"Invalid profile","Invalid profile"
"View Full Collection","View Full Collection"
"We\'re from","We\'re from"
"View Map","Ver Mapa Grande"
"Search","Buscar"
"Connect with Us","Connectar con nosotros"
"Send us a message","Enviar un mensaje a nosotros"
"Find us on Facebook","Búscanos en Facebook"
"Follow us on Twitter","seguinos en Twitter"
"Write Your Own Feedback","Escribe su propio comentario"
"How do you rate this Store","Cómo Calisificarás a este Tienda"
"star","Estrella"
"stars","Estrellas"
"Nickname","Apodo cariñoso"
"Summary of Your Review","Resumen de su Valoración"
"Submit Review","Presentar Valoración"
"fill the required fields","Llenar todos campos obligatorios"
"Store Visit","Vijar a Tienda"
"About US","Sobre nosotros"
"Invalid store","Tienda Inválida"
"Show","Mostrar"
"per page","Por Página"
"View as","Ver como"
"Sort By","Ordena por"
"Set Ascending Direction","Establecer Dirección ascendente"
"Set Descending Direction","Establecer dirección  descendente"
"Ask Que","Pedir Pregunta"
"Ask Question to me","Pregunta me"
"Email","Correo electronico"
"Edit Magento Product","Editar Producto de Magento"
"My Order History","Historia de mi Pedido"
"My Dashboard","Mi salpicadero"
"My Products List","Mi lista de Producto"
"View Customer","Ver Cliente"
"View Order","Ver pedido"
"ID","ID"
"Name","Nombre"
"Status","Estado"
"Commission %","Comisión%"
"Total sales","Total Ventas"
"Amount Recived","Recibido Cantidad"
"Amount Remain","Permanecido Cantidad"
"Last Pay Amount","Último Cantidad  por Pago"
"Seller Since","Vendedor Desde"
"Website","Websitio"
"Orders","Pedidos"
"Customer Information","Información de Cliente"
"Account Information","Información de Cuenta"
"Addresses","Direcciónes"
"Shopping Cart","Cesta"
"Wishlist","Lista de deseo"
"Newsletter","Periodico"
"Product Reviews","Revisión De Producto"
"Product Tags","Etiqueta De Producto"
"Payment Information","Información De Pago"
"Seller Account Information","Información de cuenta del vendedor"
"Seller Commission","Comisión del Vendedor"
"Add Product","Añadir Producto"
"Remove Product","Elimina Producto"
"Do You Want To Remove This Seller?","Deseas A Eliminar Este Vendedor?"
"Do You Want To Make This Customer As Seller?","Deseas a hacer este clinte como un vendedor"
"marketplace","Mercado"
"Marketplace Management","Manejar Mercado"
"Seller Information","Información De Vendedor"
"Twitter ID","ID de Twitter"
"Facebook ID","ID de  Facebook"
"Contact Number","Número de contacto"
"Shop Title","Título De Tienda"
"Company Locality","Localidad de Compaña"
"Country","País"
"Select Country","Seleccione País"
"Company Description","Descriptción De Compaña"
"Return Policy","Politíca de Devolver"
"Shipping Policy","Politíca de Devolver"
"Profile Meta Keywords","Perfil De Meta Palabras clave"
"Meta Keywords","Meta Palabras clave"
"Meta Description","Meta Descriptción"
"Company Banner","Bandera  de Tienda"
"Company Logo","Logo de Compaña"
"No Record Found.","No Record Found."
"Seller Name","Nombre de Vendedor"
"Price Rating(in star)","Calificar del Precio(en estrella)"
"Value Rating(in star)","Calificar del valor (en estrella)"
"Quality Rating(in star)","Calificar de Quality (en estrella)"
"Feed Summary","Feed-back de cliente por resumen del producto"
"Feed Review","Feed-back de cliente por critícas del producto"
"Created At","Creado Por"
"Status","Estado"
"UnApproved","No Aprobado"
"Approved","Aprobado"
"Approve","Aprobar"
"Unapprove","No Aprobado"
"Delete","Eliminar"
"%s Star","%s Estrella"
"Ordered","Pedido"
"Invoiced","Factura"
"Shipped","Enviado"
"Canceled","Cancelado"
"Refunded","Reembolsado"
"Pay Seller","Pagar al Vendedor"
"Item Pending","Pendiente Artículos"
"Item Cancelled","Cancelado Artículos"
"Item Refunded","Reembolsado Artículos"
"Already Paid"," Ya Pagado"
"Order#","Pedido#"
"Purchased On","Comprado en"
"Product Name","Nombre De Producto"
"Quantity to be Paid","Cantidad a Pagar"
"Product Total","Total Producto"
"Total Tax","Impuesto Total"
"Total Seller Amount","Total Suma De Vendedor"
"Total Commission","Total Commisión"
"Status","Estado"
"Paid Status","Estado Pagado"
"View","Ver"
"Pay","Pagar"
"Do you want to make this payment?","¿Deseas a hacer este pago?"
"Pending","Pendiente"
"Hold","sujeta"
"Paid","Pagado"
"Voided","Vacío"
"Email","Correo Electrónico"
"Seller","Vendedor"
"Group","Grupo"
"Telephone","Telefóno"
"Zip","Zip"
"Country","País"
"State/Province","Estado/Provincia"
"Seller Since","Vendedor Desde"
"Reason","Razón"
"Assign Group","Assignar al Grupo"
"Download Status","Descarable Estado"
"No Products Found.","No Encuentra Producto."
"Customer Name","Nombre DE Cliente"
"Preview","La Vista Previa"
"Qty. Confirmed","Confirmado Cantidad"
"Qty. Pending","Cantidad Pendiente"
"Earned","Ganado"
"Created","Creado"
"Reason","Rázon"
"Seller Email","Correo Electronico del Vendedor"
"Transaction Id","ID de Transcción"
"Amount","Cantidad"
"Type","Tipo"
"Method","Método"
"Created At","Creado al"
"Seller's Transactions","Transcción del Vendedor"
"Sellers Transactions","Transcción del Vendedor"
"Manage Seller's Product","Manejar Producto De Vendedor"
"Manage Products","Manejar Productos"
"Manage Sellers","Manejar Vendedor"
"Manage Seller's Commission","Manejar Comisión de Vendedor"
"Manage Commission","Manejar Comisión"
"Manage Feedback","Manejar Feed-back"
"Manage Seller's Feedback","Manejar Feed-back de Vendedor"
"Manage Seller's Order","Manejar pedido de vendedor"
"Show Unapproved Only","Muestra unaprobado solo"
"%s's Collection","%s's Coleciónes"
"Home","Inicial"
"Go to Home Page","Ir al página de inicial"
"%s's Feedback","%s's Feed-back"
"%s's Location","%s's Locación"
"Simple Product","Producto Simple"
"Downloadable Product","Producto Descarable"
"Virtual Product","Producto Virtual"
"Configurable Product","Producto Configurable "
"Grouped Product","Producto Grupo"
"Bundle Product","Producto a Garnel"
"%s Shop","%s Tienda"
"Item Manager","Gerente De Artículo"
"Items Manager","Gerente De Artículo"
"Total of %d Feedback(s) has been approved.","Total de %d Feed-back ha sido aprobado."
"Total of %d Feedback(s) has been unapproved.","Total de %d Feed-back ha sido aprobado."
"Total of %d Feedback(s) has been deleted.","Total de %d Feed-back ha sido eliminado"
"Payment has been successfully done for this seller.","El pago ha sido con éxito hecho para este vendedor"
"%s has been successfully denied to become seller.","%s ha sido negado con éxito a ser un vendedor ."
"Seller has been successfully approved.","El Vendedor ha sido aprobado con éxito."
"Seller has been successfully unapproved.","El Vendedor ha sido aprobado con éxito.."
"%s has been successfully denied to become a seller.","%s ha sido negado con éxito a ser un vendedor . "
"Seller has been successfully approved.","El Vendedor ha sido aprobado con éxito"
"Seller has been successfully unapproved.","El Vendedor ha sido no aprobado con éxito"
" has been successfully denied."," ha sido negado con éxito."
"Product successfully approved.","El Aprobado con éxito"
"Please select item(s)","Por favor seleccione artículos(s)"
"Total of %d record(s) were successfully aprroved","Total de %d registro(s) probado con éxito"
"This order no longer exists.","Este pedido no existen."
"You are not authorize to manage this order.","Usted no authorizado a manejar este pedido."
"The message has been sent.","Este Mensaje ha sido enviar."
"Failed to send the Shipping email.","No puede enviar correo electrónico de envío."
"Failed to send the order email.","No puede enviar correo electrónico de envío."
"Product Type is Invalid Or Not Allowed","Tipo de producto es no válido y no permite"
"MarketPlace Product Type: Simple Product","Tipo De Producto De Mercado:Producto Simple"
"MarketPlace Product Type: Downloabable Product","Tipo De Producto De Mercado: Descarable producto"
"MarketPlace Product Type: Virtual Product","Tipo De Producto De Mercado : Producto virtual"
"MarketPlace Product Type: Configurable Product","Tipo De Producto : Configurable Producto"
"I would like to inform you that recently I have added a new product in the store.","Yo desearía a informar que receiente yo ha tenido añadir nueva producto en su tienda."
"Your product has been Saved successfully.","Su Producto ha sido guardar con éxito."
"Attribute Code already exists.","Código De Atributo Ya Existe."
"Attribute Created Successfully.","Attribute Created Successfully."
"Associate Product created Successfully.","Asociado Producto ha creado con éxito."
"Product has been assigned successfully.","Producto ha sido assignar con éxito."
"My Product List","Mi Lista De Producto"
"Your request to become a seller was successfully send to admin.","Su solicitud a ser un vendedor ha enviado al admin con éxito."
"Seller Request Panel","Panel De SOlicitud De Vendedor"
"Your product has been successfully Updated.","Su producto ha sido actualizar con éxito ."
"MarketPlace: Edit Simple Magento Product","Mercado: Editar Simple Producto De Magento"
"MarketPlace: Edit Virtual Magento Product","Mercado: Editar Virtual Producto De Magento"
"MarketPlace: Edit Downloadable Magento Product","Mercado: Editar Descarable Producto De Magento"
"MarketPlace: Edit Configurable Magento Product","Mercado: Editar Configurable Producto De Magento"
"YOU ARE NOT AUTHORIZE TO DELETE THIS PRODUCT.","USTED NO AUTHORIZAS A ELIMINAR ESTE PRODUCTO."
"Your Product Has Been Sucessfully Deleted From Your Account.","Su Producto ha sido eliminado con éxito desde su cuenta."
"You are not authorized to delete products with id ","Usted no authorizas a eliminar este producto con si ID"
"Products has been sucessfully deleted from your account","Productos ha sido eliminado con éxito desde su cuenta."
"My Dashboard","Mi Salpicadero"
"Name has to be completed","Nombre Tiene Que cumplir"
"Description has to be completed","Descripción Tiene Que Cumplir"
"Short description has to be completed","Descripción Tiene Que Cumplir"
"Price should contain only decimal numbers","Precio debe contener solo números en decimales"
"Weight should contain only decimal numbers","El Peso debe contener solo números en decimales"
"Product stock should contain only integer numbers","Inventario Debe que contener solo números enteros"
"Sku Type has to be selected","Tipo de SKU debe que seleccionado"
"Price Type has to be selected","Tipo de Precio debe que seleccionado"
"Weight Type has to be selected","Tipo de Peso debe que seleccionado"
"Default Title has to be completed","Pordefecto Título debe que cuplido"
"Your Payment Information Is Successfully Saved.","su información de Pago ha sido  guardao con éxito."
"Profile information has been saved successfully.","Información de Perfil ha sido guardado con éxito."
"Cannot save the customer.","No Puede Guardar el Cliente"
"Profile Information","Información de Perfil"
"The URL Rewrite has been saved.","El URL reescribir ha sido guardado."
"Twitterid cannot contain space and special charecters.","ID de Twitter no puede contener espacio y Charecters especial."
"Facebookid cannot contain space and special charecters'","ID de Facebook no puede contener espacio y Charecters especial'"
"Invalid Background Color","Color no válido de Fondo"
"Transactions","Transacción"
"Transaction Details","Detalles de Transacción"
"medium","medio"
"None","Ninguno"
"Transaction Amount","Suma de Transacciónes"
"Comment Message","Mensaje de Comentario"
"My Orders","Mi Pedido"
"The order email has been sent.","El correo electrónico ha sido enviado."
"Information has been saved.","Información ha sido guardado."
"canceled","cancelado"
"The order has been cancelled.","El Pedido ha sido Cancelado."
"You are not permitted to cancel this order.","Estas no Permite a cancelar este pedido."
"The order is not cancelled.","Este pedido es no canecalado."
"Invoice has been created for this order.","Factura ha sido creado por este vendedor."
"Can not do shipment as order is in HOLD state.","No puede envío porque este en estado de cogido."
"Cannot do shipment for the order separately from invoice.","No puede hacer envío del pedidos en seprados desde facturación."
"Cannot do shipment for the order.","No puede hacer envío de este pedido."
"The shipment has been created.","El envío ha sido creado."
"The shipping label has been created.","Etiquetas de envío ha sido creado."
"You are not permitted to generate shipment for this order.","No puede permiten a generar envío para este pedido."
"Can not create invoice as order is in HOLD state.","Puede crear un factura como pedido es en estado de cogido."
"Cannot create Invoice for this order.","No puede crear factura de este pedido."
"Credit memo\'s total must be positive.","Memo de crédito debe que positivo."
"The credit memo has been created.","El memo de crédito ha sido creado"
"Cannot save the credit memo.","No puede guardar memo de crédito."
"Products","Productos"
"Total (ex)","Total (ex)"
"Discount","Descuento"
"Qty","cantidad"
"Tax","Impuesto"
"Total (inc)","Total (inc)"
"Credit Memo # ","Memo de Crédito # "
"Subtotal","Subtotal"
"Invoice # ","Factura # "
"Packingslip # ","Resbalón De Embalaje # "
"This Shop Name alreasy Exists.","Este nombre de Tienda ya existe."
"Enter Shop Name of Customer.","Introduce Nombre de tienda al cliente."
"I would like to inform you that recently i have updated a product Please approve it soon.","Yo desearía a informar que reciente yo tengo que actualizar productos aprobar estos pronto"
"Shipping & Handling Charges","Envío y Manjar "
"Tax Amount","Cantidad De Impuesto"
"Grandtotal","Gran Total"
"Enabled","Activar"
"Disabled","Desactivar"
"The product is already assigned to another seller.","El producto ya assignado al vendedor"
"Product with id","Producto con ID"
"doesn't exist.","no existe."
"Products has been successfully unassigned from seller.","Productos ha sido no assignado desde vendedor con éxito"
"By Seller","Por Vendedor"
"What is the reason to deny this seller?","¿Qué es la rázon a desmentir este vendedor?"
"Cancel","Cancelar"
"Deny","Desmentir"
"Seller Payment Information ","Información de Vendedor Pago"
"Seller Name ","Nombre De Vendedor "
"Seller Email ","Correo Elecrotonico"
"Total Amount To Pay ","Total Cantidad a pagar "
"Add Comment","Añadir comentario"
"Reset","Restablecer"
"What is the reason to deny this product?","¿Qué es la razón a desmintir este product?"
"By","Por"
"wishlist","Lista de deseas"
"Move","Mover"
"tax","Impuesto"
"See price before order confirmation.","Ver Precio  antes confirmación de pedido."
"What's this?","¿Qué es ?"
"Seller Request Panel","Panel de solicitud vendedor"
"Save","Guardar"
"Shop URL","URL de Tienda "
"Do you want to become seller / vendor ?","Desea a ser vendedor?"
"Waiting for admin approval","Esperando para aprobar"
"Seller's Information","Información de Vendedor"
"Search","Buscar"
"View Map","Ver Mapa"
"View Seller's Profile","Ver vendedor perfil"
"SELLER'S COLLECTION","COLLECIÓN DE VENDEDOR"
"Quick Create","Crear Rápida"
"Reset","Restablecer"
"Name","Nombre"
"Visibility","Visibilidad"
"Please Select","Porfavor  Seleccione"
"Not Visible Individually","No Visible individualmente "
"Catalog","Catalogó"
"Search","Buscar"
"Catalog, Search","Catalogó, Buscar"
"Associated Products","Productos associados"
"Id","Id"
"Attribute Set Name","Nombre de atributo conjunto"
"Search by id","Busca por id"
"Search by product name","Busca por nombre de producto"
"Select Attribute Set","Seleccione conjunto de atributo"
"Submit","Presentar"
"No Product Available","No Disponible Productos"
"Option","Opción"
"View","Ver"
"Save Associates Products","Guardar productos associados"
"Save Associated Product","Guardar productos associados"
"Required Fields","Campos Obligatorio"
" This Combination of attributes already exists. "," Este combinación de atributos ya existe"
"To Become a Seller Please Contact to Admin.","A será un vendedor porfavor contactar al admin."
"Do You Want To Become Seller / Vendor?","¿Deseas a ser un vendedor ?"
"Agree as Seller","Estas a acuerdo como vendedor"
" Shop URL For Your Marketplace Shop "," URL de tienda para su tienda de mercado"
"This will be used to display your public profile.","Este usará a mostrar sus perfil de público."
"Pending","Pendiente"
"Refunded","Reembolsado"
"Canceled","Cancelado"
"View Credit Memo Details","Ver Detalles de crédito memo"
"Are you sure you want to send credit memo email to customer?","¿Estas seguro deseas a enviar correo electrónico al cliente?"
"Send Email To Customer","Enviar correo electrónico al vendedor"
"Send Email","Enviar correo electrónico"
"Print","Imprimir"
"Credit Memo Information","Información De Crédito memo"
"Credit Memo #%s - %s | %s","Crédit Memo #%s - %s | %s"
"Order Information","Información De Pedido"
"Order # %s","Pedido # %s"
"Order Status","Estado De Pedido"
"Order Date","Fecha De Pedido"
"Buyer Information","Información De Comprador"
"Customer Name","Nombre De Comprador"
"Email","Correo Electrónico"
"Shipping Address","Dirección De Envío"
"Shipping Information","Información De Pedido"
"No shipping information available","No Disponible Información De Envío"
"Billing Address","Dirección De Facturación"
"Payment Method","Método De Pago"
"Items to Refund","Artículos a Reembolsar"
"COD Charges","Cargos De COD"
"Discount Amount","Suma De Descuento"
"Row Total","Hilera Total "
"Credit Memo Totals","Totales De Crédito memo"
"Shipping & Handling","Envío y Manejar"
"Core","Centro"
"Adjustment Refund","Reembolsar De Ajuste"
"Adjustment Fee","Precio Ajuste"
"Grand Total","Gran Total"
"Back To My Orders","Voler a mi pedido"
"To Become Seller Please Contact to Admin.","A serás un Vendedor Porfavor Contactar al Admin"
"Add New Downloadable Product","Añadir Nuevo Descarable Producto"
"Add Downloadable Product","Añadir Descarable Producto"
"CATEGORIES","CATEGORÍAS"
"Short Description","Descripción Corta"
"Special Price","Precio Especial"
"Special Price From","Precio Especial Desde"
"Special Price To","Precio Especial A"
"Stock Availability","Disponiblidad De Inventario"
"In Stock","En Inventario"
"Out of Stock","No esta en Inventario"
"Tax Class","Clase De Imouesto"
"Product Images","Imagen De Producto"
"Base image","Imagen Basico"
"Add More Images","Añadir Más Imagen"
"Downloadable Product","Producto Descarable"
"Samples","Muestra"
"Title","Título"
"File","Archivo"
"Add New Row","Añadir Nueva Hilera"
"Links","Enlace"
"Title :","Título :"
"Links can be purchased separately :","Puedes comprar los enlace en seperados :"
"Sample","Muestra"
"File","Archivo"
"Max. Downloads","Maximo Descargados"
"Upload","Subir"
"No File Choosen","No Seleccione Archivo"
"Unlimited","ilimitado"
"URL","URL"
"Are you sure you want to delete this link?","Estas Seguro Deseas a Eliminar Este Enlace?"
"Saving","Guardando"
"Invalid extension! Please Upload an image","No Válido extensiones!Ṕorfavor Subir un imagen"
"File type not allowed,Allowed file:","No Permite Tipo De Archivo:"
"Edit Configurable Product","Editar Producto Configurable"
"Associate Products","Producto Associados"
"Add Associate Productos","Añadir Productos Associados"
"Edit Product","Editar Producto"
"Delete Image","Eliminar Imagen"
"Are you sure you want to delete this image?","¿Estas seguro que deseas a eliminar este imagen?"
"You are not authorize to edit this product.","No authorizas a editar este Producto."
"Edit Downloadable Product","Editar Descarable Producto"
"Edit Profile Information","Editar Informacion De Perfil"
"Allow to Display Twitter Icon in Profile Page","Permite a Mostrar Icon De Twitter en Página De Perfil"
"Allow to Display Facebook Icon in Profile Page","Permite a Mostrar Icon De Facebook en Página De Perfil"
"Instagram ID","ID De Instagram"
"Allow to Display Instagram Icon in Profile Page","Permite a Mostrar Icon De Instagram en Página De Perfil"
"Google Plus ID","ID De Google Plus "
"Allow to Display Google Plus Icon in Profile Page","Permite a Mostrar Icon De Instagram en Página De Perfil"
"Youtube ID","ID De Youtube"
"Allow to Display Youtube Icon in Profile Page","Permite a Mostrar Icon De Youtube En Página De Perfil"
"Vimeo ID","ID De Vimeo"
"Allow to Display Vimeo Icon in Profile Page","Permite a Mostrar Icon De Vimeo En Página De Perfil"
"Pinterest ID","ID De Pinterest"
"Allow to Display Pinterest Icon in Profile Page","Permite a Mostrar Icon De Pinterest En Página De Perfil"
"Moleskine ID","ID De  Moleskine"
"Allow to Display Moleskine Icon in Profile Page","Permite a Mostrar Icon De Moleskine En Página De Perfil"
"Enter Mobile Number with country code ex: +91 9999999999')","Introduje Número De Movíl Con Código De País ex: +91 9999999999')"
"Theme : Background Color","Tema :Color De Fondo"
"Upload 700px X 100px for better look","Subir 700px X 100px  Para Mejor Vista "
"no image","no imagen"
"Enter Meta Keywords Comma(',') Separated..","Entroduje Palabras Clave Meta Seperados Coma(',')."
"Edit Your Shop Url","Editar URL De Su Tienda"
"Set Your New Shop Url","Establecer Nueva URL De Tienda"
"Save Url","Guardar URL"
"Profile Page Target Url Path","Página De Perfile Objetivo Camino De URL"
"Profile Page Request Url Path","Página De Perfil Solicitud Camino De URL"
"Collection Page Target Url Path","Página De Colleción Objetivo Camino De URL"
"Collection Page Request Url Path","Página De Colleción Objetivo Camino De URL"
"Review Page Target Url Path","Página De Críticas Objectivo Camino De URL"
"Review Page Request Url Path","Página De Críticas Solicitud Camino De URL"
"Location Page Target Url Path","Página De Ubicación Objetivo Camino De URL"
"Location Page Request Url Path","Página De Ubicación Solicitud Camino De URL"
"Edit Payment Information","Editar Información De Pago"
" Are you sure you want to delete this banner ? "," Estas Seguro Deseas A Eliminar Este Banner? "
" Are you sure you want to delete this Logo ? ","Estas Seguro Deseas A Eliminar Este Logo ? "
"Edit Simple Product","Editar Producto Simple"
"Edit Virtual Product","Editar Producto Virtual"
"Canceled","Cancelado"
"View Invoice Details","Ver Detalles De Factura"
"Send Email To Customer","Enviar Correo Electrónico A Cliente"
"Invoice Slip","Resbalón De la Factura"
"Print Invoice","Imprimir Factura"
"Invoice Information","Infomación De Factura"
"Invoice #%s - %s | %s","Factura #%s - %s | %s"
"Items Invoiced","Factura De Artículos"
"Admin Commission","Comisión De Admin"
"Vendor Total","Total De Los Vendedoros"
"Total Price","Precio Total"
"COD Charges","Cargos De COD"
"Total COD Charges","Total Cargos De COD"
"Total Ordered Amount","Total Cantidad De Pedido"
"Total Vendor Amount","Total Cantidad  De Vendedor"
"Total Admin Commission","Total Comisión De Admin"
"View Order Details","Ver Detallas De Pedido"
"Cancel Order","Cancelar Pedido"
"Create Invoice to confirm collected amount from buyer for this order","Crear Factura a confirmar Cantidad Recogidos Desde Vendedor Del Este Pedido"
"Pay Admin for his commission for this order","Pagar al Admin Para sus Comisión Para Este Pedido"
"If you pay admin commission then you can not do refund for buyer in future. Are you sure you want to pay admin for his commission?","Si Pagas Comisión al Admin  entonces no puedes reembolsar al Comprador en Futuro.Estas Seguro Deseas a  Pagar al Admin Para Su Comisión?"
"Pay Admin Commission","Paga Comisión De Admin"
"Create Credit Memo","Crear Memo De Crédito"
"Create Shippment for Order","Crear Envío para sus Pedido"
"Create Shipment for Order","Crear Envío para sus Pedido"
"Are you sure you want to create shipment?","¿Estas Seguro Deseas a Crear Envío?"
"About This Order:","Sobre Este Pedido:"
"Order Date: %s","Fecha De Pedido: %s"
"Buyer Information","Información De Comprador"
"Carrier","Transporista"
"Tracking Number","Número De Raestro"
"View Seller's Shop","Ver Tienda De Vendedor"
"%s Total Products","%s Productos Total"
"View Seller's Collection","Ver Colleción De Vendedor"
"View All","Ver Todo"
"My Dashboard","Mi Salpicadero"
"Your Income","Su Engreso"
" Today "," Hoy "
" Week "," Semana "
" Month "," Mes "
" Total Payout ","Paga Total "
" Remaining Amount ","Restante Cantidad"
"Latest Order","Pedido Último"
"Order Id","ID De Pedido"
"Date","Fecha"
"Search by Order Id","Busca Por ID De Pedido"
"From: ","Desde: "
"To: ","A: "
"No Order Available","No Disponible Pedido"
"Customer: ","Cliente: "
"Date: ","Fecha: "
"Order Total- ","Total Pedido- "
"Latest Comments & Reviews","Reciente Comentarios Y Críticas"
"No comment & review available","No Disponible Comentario y Críticas"
"Your Query","Su Duda"
"Reset","Restablecer"
"Ask","Pedir"
" Mail Send "," Enviado Correo Electrónico "
"Search by product name","Busa Por Nombre De Productos"
"Delete Products","Eliminar Productos"
" Are you sure you want to edit this product ? ","¿Esats Seguro Deseas A Editar Este Producto? "
" No Checkbox is checked "," Nunca casilla De Verificación esta eligido"
" Are you sure you want to delete these product ? ","¿Estas Seguro Deseas a Eliminar Este Producto? "
"Marketplace","Mercado"
"Market Place","Mercado"
"Seller Profile","Perfil De Vendedor"
"Create Attribute","Crear Atributos"
"New Products","Nueva Productos"
"My Products List","Mi Lista De Productos"
"My Dashboard","Mi salpicadero"
"My Transaction List","Mi Lista De Transacción"
"My Order History","Mi Historia De Pedido"
"Become Partner","Será Un Compañero"
"Manage Configurable Product's Attribute","Manejar Atributo De Configurable Productos"
"Save Attributes","Guardar Atributo"
"Create Attribute for Configurable Products","Crear Productos para Productos Configurable"
"Attribute Set","Conjunto De Atributo"
"Attribute Group","Grupo De Atributo"
"Attribute Code","Código De Atributo"
"Attribute Label","Etiquetas De Atributo"
"Catalog Input Type","Tipo De Entrada"
"Multiple Select","Seleccione Múltiple"
"Dropdown","Desplagable"
"Values Required","Obligatorios Valores"
"Admin","Admin"
"Default Store View","Muestra De Tienda Por Defecto"
"Position","Posición"
"Is Default","Esta Defecto"
"Add Option","Añadir Opción"
"Select Configurable Attribute","Seleccione Atributo Configurable"
"Create Configurable Product","Crear Configurable Atributo"
"Configurable Attribute","Configurable Atributo"
"Add New Configurable Product","Añadir Nuevo Producto Configurable"
"Add Configurable Product","Añadir Producto Configurable"
"New Credit Memo for Order #%s","Nuevo Memo De Crédito Para Pedido #%s"
"Order #%s - %s","Pedido #%s - %s"
"Order Grand Total","Gran Total De Pedido"
"Shipping Refund","Reembolsar De Envío"
"Shipping Amount","Cantidad De Envío"
"Refund Amount","Cantidad De Reembolsar"
"Paid Amount","Cantidad A Pagar"
"Refund Total","Total Al Reembolsar"
"Refund Shipping","Reembolsar Envío"
"Adjustment Refund","Ajuste De  Reembolsar"
"Adjustment Fee","Ajuste De Cuota"
"Refund Offline","Reembolsar Fuera De Línea"
"Warning","¡Advertencia!"
"Please Complete","Porfavor complir"
"Add New Product","Añadir Nuevo Producto"
"Continue","Continuar"
"Product Type","Tipo De Producto"
"Recently Added Products","Reciente Añadido Productos"
"Top of Page","La Clima De Página"
"Shipping Policies","Políticas De Envío"
"Top of Page","La Clima De Página"
"About %s","Sobre %s"
"On the Social Web","En el Web Social"
"Check in Instagram","Checkar en Instagra,"
"Check in Pinterest","Checkar en Pinterest"
"Check in Facebook","Checkar en Facebook"
"Check in Twitter","Checkar en Twitter"
"Check in Google+","Checkar en Google+"
"Check in Vimeo","Checkar  en Vimeo"
"Check in Youtube","Checkar en Youtube"
"Check in Moleskine","Checkar en Moleskine"
"Contact Us","Contáctenos"
"Contact Seller","Contacto al Vendedor"
"Your Name","Su Nombre"
"Your Email","Su Correo Electrónico"
"Return Policy","Politica De Reembolsar"
"Shipping Policy","Politíca De Envío"
"Seller's Collection","Colleción De Envío"
"View Location on Map","Ver Úbicación En Mapa"
" Wrong varification number. ","Inválido Número De Verificación. "
" Mail Send ","Enviado Correo Electrónico"
"%s 's Rating","%s 's Clasificación"
"Average Rating","Clasificación Promedio"
"Review","Clasificación"
"Make a Review","Hacer un Clasificación"
"By %s","Por%s"
"on","En"
"Recent Feedbacks","Reciente Feed-backs"
"Give Feedback","Hacer Feed-back"
"Write Your Own Feedback","Escribe sus Feed-back"
"How do you rate this Store?","Cómo Clasificas Este Tienda?"
"star","Estrella"
"stars","Estrellas"
"Summary of Your Review","Resumén De Su Clasificación"
"You need to purchase item(s) first to make a review.","Necesitas a comprar articulos ,primero hacer su feed-back"
"Login To Give Feedback","Iniciar sessión a dar su feed-back "
"Comments & Reviews","Comentarios y Revistas"
"No comment & review available","No Disponible  comentario y Críticas "
"Browse BY","Navegar Por"
"SELLER'S CATEGORY","Categorías De Vendedor"
"Search sellers by shop name from here","Busca Vendedor por Nombre De Tienda Desde Aquí"
"No Shop Available","No Disponible La Tienda"
"View Shipment Details","Ver Detalles De Envío"
"Send Email To Customer","Enviar Correo Electrónico al Vendedor"
"Send Tracking Information","Enviar Información De Raestro"
"Shipment Slip","Resbálon De Envío"
"Print Shipment","Imprimir Envío"
"Shipment Information","Información De Envío"
"Shipment #%s | %s","Envío #%s | %s"
"Shipping and Tracking Information","Información De Envío Y Raestro"
"Items Shipped","Envíado Artículos"
"Add Simple Product","Añadir Producto Simple"
"Transaction List","Lista De Transacción"
"Remaining Transactions:","Restante Transacción:"
"Search by Transaction Id","Busca Por ID de  Transacción"
"Download .CSV","Descargar.CSV"
"No Record Available","No Disponible Registro"
"Transaction Information","Información De Transacción"
"Commission","Comisión"
"Add New Virtual Product","Añadir Nuevo Producto Virtual"
"Add Virtual Product","Añadir Producto Virtual"
"Sold By","Vendido Por"
"Visit Shop","Viajar Tienda"
"Positive Feedback","Feed-back Positivo"
"%s ratings","%s clasificación"
" Wrong varification number. ","Incorrecto Número De Verificación . "
" Wrong verification number. ","Incorrecto Número De Verificación . "
"Options","Opciones"
"Move Product Tax to Seller Account","Mover Impuesto De Producto al Cuenta De Vendedor"
"Allow Seller to Manage Orders","Prmite vendedor a manejar los pedidos"
"Attribute Set ID","ID de Atributo Conjunto"
"Seller Approval Required","Aprobar de Vendedor es Obligatorio."
"Product Approval Required","Aprobar de Producto es obligatorio."
"Product Update Approval Required,"Aprobar de Actualizar Del Producto es Obligatorio"
"Set Captcha Enable","Establecer Permite De Captch ",
"Allowed Categories for seller to add products","Permitidos  Categorías para Vendedor al Añadir Productos"
"e.g Please enter category ids by comma(') seperated","e.g Porfavor Introduce ID de Categorías Por Seperados Coma(,)"
"Admin Email-id","ID de Correo Electrónico De Admin"
"Allowed Product Image Type","Permite Tipo De Producto Imagen"
"Enter file type separated by comma(,) like jpeg,png,gif,jpg ( For Seller's Products images)","Introduce  Tipo De Archivo Seperados Por Coma(,) Como jpeg,png,gif,jpg(Para Imagen De Productos Del Vendedor)"
"Allowed Sample File Type","Permite Muestra Tipo De Archivo"
"Enter file type separated by comma(,) like jpeg,png,gif,pdf ( For Downloadable Products )","Introduce Tipo De Archivo Separados por  coma (,) como jpeg,png,gif,pdf(Para Productos Descarables)"
"Allowed Link File Type","Permite Enlace Tipo De Archivo"
"Enter file type separated by comma(,) like zip,rar,pdf,doc ( For Downloadable Products )","Introduce Tipo De Archivo Seperados Por Coma(,) como like zip,rar,pdf,doc ( Para Descarable Productos ) "
"Product Type For Seller","Tipo De Producto Para Vendedor"
"Landing Page Settings","Ajustes De Página De Aterrizaje "
"Marketplace Landing Page Head Title","Inicial Título De  Página De Aterrizaje  Del Mercado"
"e.g Turn Your Passion Into a Business","e.g Cambiar Su Pasión En Negocio"
"Display Banner","Muestra Banner"
"Banner Image","Imagen De Banner"
"Banner Content","Contenido De Banner"
"This content will be display over the banner image in the marketplace landing page url-www.yourwebsite.com/marketplace","Este Contiendo mostrará en Imagen de banner en Página de Aterrizaje De Mercado URL De Página -www.suwebsitio.com/Mercado"
"Marketplace Landing Page Label1","Página De Aterrizaje De Mercado Etiqueta 1 "
"e.g Turn Your Passion Into a Business (will be display above all feature's icons)","e.g Cambias su pásion en Negocio (Mostrará sobre todos iconos"
"Marketplace Landing Page Label2","Página De Aterrizaje De Mercado Etiqueta 2"
"e.g Sellers with Taste (will be display above top 4 seller's block)","por ejemplo. Vendedor con su nombre de tienda (Mostrará en bloque de 4 más superior vendedor)"
"Marketplace Landing Page Label3","Página De Aterrizaje De Mercado Etiqueta 3"
"e.g More than 500 shop owners have joined us last month (will be display above "View All Sellers" button)","por ejemplo. Más de 500 dueños han juntado con nosotros en último mes (Mostrará sobre Bóton De "Ver Todos Vendedoros")"
"Marketplace Landing Page Label4","Página De Aterrizaje De Mercado Etiqueta 4"
"e.g Why to sell with us (will be display above marketplace content)","por ejemplo. Porqué te gustas a vender con nosotros"
"Marketplace Landing Page Button Label"
"e.g Open a Marketplace Shop - this will also diplay over banner","Por Ejemplo . Abrir una Tienda De Mercado"
"Display Icons","Demostración De Icono"
"Feature:1 Icon","Funcionalidad : 1 Icono"
"Feature:1 Icon Label","Funcionalidad : 1 Etiqueta De Icono"
"e.g Register Yourself","Por Ejemplo Registra"
"Feature:2 Icon","Funcionalidad : 2 Icon"
"Feature:2 Icon Label","Funcionalidad :2 Etiqueta De Icono"
"e.g Add Products","Por ejemplo Añadir Productos"
"Feature:3 Icon","Funcionalidad : 3 Icono"
"Feature:3 Icon Label","Funcionalidad : 3 Etiqueta De Icono"
"e.g Start Selling","e.g Empieza Vender"
"Feature:4 Icon","Funcionalidad : 4 Icono"
"Feature:4 Icon Label","Funcionalidad : 4 Etiqueta De Icono"
"e.g Generate Revenues","Por ejemplo Generar Ingresos"
"About Marketplace","Sobre Mercado"
"e.g webkul","eg.webkul"
"Marketplace Seller List Page Top Label","Mercado Página De Lista De Vendedor Etiqueta De Clima  "
"Marketplace Seller List Page Bottom Label","Mercado Página De  Lista De Vendedor Etiqueta De Fondo"
"Marketplace Products Hints","Indicio De Mercado Producto"
"Enable Product Hints","Permite Indicio De Producto"
"Product Category","Categoría De Producto"
"Product Name","Nombre De Producto"
"Product Description","Descripción De Producto"
"Product Short Description","Descripción Corta De Producto"
"Product Sku","Producto SKU"
"Product Price","Precio De Producto"
"Product Special Price","Especial Precio De Producto"
"Product Special Price Start Date","Especial Precio De Producto Empieza Fecha"
"Product Special Price End Date","Especial Precio De Producto Termina Fecha"
"Product Quantity","Cantidad De Producto"
"Product Stock Availability","Disponiblidad De Inventario De Producto"
"Product Tax Types","Tipos De Impuesto De Productos"
"Product Weight","Peso De Producto"
"Product Image","Imagen De Producto"
"Product Enable","Permite Producto"
"Seller Profile Page Settings","Ajustes De Página De Vendedor Perfil"
"Enable Color Picker","Permite Selector De Color"
"Allow sellers to change their profile page background color","Permite Vendedor a Cambiar su Color de Perfil Fondo"
"Seller Policies Enable at frontend","Permite Politícas De Vendedor en Front-End"
"Rewrite Seller's Shop URL","Reescribe URL de Tienda de Vendedor"
"Allow Sellers To Manage their Shop URL","Permite Vendedor a Manejar su URL de Tienda"
"Marketplace Profile Hints","Mercado Indicio De Perfil"
"Enable Profile Hints","Permite Indicio De Perfil"
"Profile Twitter id","Prefil ID de Twitter"
"Profile Facebook id","Perfil ID de Facebook"
"Profile Contact Number","Perfil Número De Contacto"
"Profile Background Color","Perfil Color De Fondo"
"Profile Shop Name","Perfil Nombre De Tienda"
"Profile Shop Banner Image","Perfil Imagen De Banner de Tienda"
"Profile Company Logo","Perfil Logo De Compaña"
"Profile Company Locality","Perfil Úbicación De Compaña"
"Profile Company Description","Perfil Descripción De Compaña"
"Return Policy","Politíca De Reembolsar"
"Shipping Policy","Politíca De Envío"
"Profile Country","Politíca De País"
"Profile Meta Keywords","Perfil Palabra clave Meta"
"Profile Meta Description","Perfil Meta Descripción"
"Profile Payment Information","Perfil Información De Pago"
"Marketplace Seller Review Settings","Ajustes De Mercado Crítica De Vendedor"
"Make a Review on only Order Purchase","Hacer un Crítica en Compra De Pedido"
"Partner Request","Solicitud De Compañero"
"Partner Approved","Aprobado Compañero"
"Partner Disapprove"."No Aprobado Compañero"
"Partner Deny","Desmintir Compañero"
"Product Deny","Desmentir Producto"
"Product has been Created Successfully","Product has been Created Successfully","Ha Creado Su Producto Con Éxito"
"Are you sure you want to delete this sample link","Are you sure you want to delete this sample link","Estas Seguro Deseas a Eliminar este enlace"
"Not Mentioned Yet",,"No Menciónado"
"Enter Mobile Number with country code ex: (123) 456-7890","Introduce Número De Móvil Con Código De País Por Ejemplo: (123) 456-7890"
"Commission Details","Detalles De Comisión"
"Set Commission In Percentage For This Particular Seller","Establecer Comisión En Porcentaje Para Este Vendedor"
"Total Sale","Total Vedido"
"Total Seller Sale","Total Vedido De Vendedor"
"Total Admin Sale","Total Vendido De Admin"
"Current Commission %","Comisión Actual %"
"Assign Product To Seller","Assignar Productos Al Vendedor"
"Enter Product ID","Introduce ID de Producto"
"Assigned Product Ids","Asignados ID de Productos"
"Unassign Product To Seller","No Asignados Productos Al Vendedor"
"Unapprove Seller","No Aprobar al Vendedor"
"Unapproved","No Aprobado"
"Unassigned","No Assignados"
"Seller Status","Estado De Vendedor"
"View product","Ver Productos"
"Click to Approve","Hacer Clic a Aprobar"
"You sure?","¿Estas Seguro?"
"View Transaction","Ver Transacción"
"Invoices","Facturación"
"Shipments","Envío"
"Refunds","Reembolsos"
"The product is already assign to other seller.","El Producto ya asignado al Vendedor."
"Product with id %s doesn't exist.","ID de Producto No Existe."
"Total of %d Feedback(s) were successfully approved","Total De %d Feed-back han aprobado con éxito"
"'Total of %d Feedback(s) were successfully unapproved","Total De %d Feed-back han aprobado con éxito"
"Manage Seller's Products","Manejar Productos De Vendedor "
"$message","$mensaje"
"Manage Attribute","Manejar Atributos"
"Your Product Has Been Successfully Updated","Su Producto ha sido actualizado con éxito"
"Your Product Has Been Successfully Deleted From Your Account","Su Productos ha sido eliminado desde su cuenta"
"You are not authorized to delete products with id %s","No autorizas a eliminar productos con id %s"
"Creditmemo","Memo De Crédito"
"The creditmemo no longer exists.","El Memo de crédito no existe"
"The order no longer exists.","El Número de no existe."
"You are not authorize to view this creditmemo.","No autorizas a ver este memo de crédito."
"#%s Order Creditmemo","#%s Pedido Memo de Crédido"
"The invoice no longer exists.","La factura no existe."
"'You are not authorize to view this invoice.","No Authorizas a ver este factura"
"The shipment no longer exists.","El Envío no existe."
"You are not authorize to view this shipment.","No authorizas a ver este envío."
"#%s Order Shipment","#%s Envío De Pedido"
"Print #%s Order","Imprimir #%s Pedido"
"#%s Order","#%sPedido"
"Your Review was successfully saved","Sus Critícas han Guardado con éxito"
"Notification mail for seller for placed order and invoiced items","Correo de Notificación para vendedor a  hacer pedido y Factura de Artículos"
"e.g Open a Marketplace Shop - this will also display over banner","Por ejemplo Abrir una Tienda De Mercado -Este mostrará en su banner "
"Please enter shop URL","Porfavor Introduje URL De Tienda", 
"unavailable","No Disponible"
"available","Disponible"
"January","Enero"
February","Febrero"
"March","Marzo"
"April","Abril"
"May","Mayo"
"June","Junio"
"July","Julio"
"August","Agosto"
"September","Septiembre"
"October","Octubere"
"November","Noviembere"
"December","Diciembere"
"Percent per product sale","Porcentaje por venta del producto"


















